Bolofficial;Y
1106;452а
498;208а
854;353а
734;412
684;296у
677;433н
493;205н
234;190н
778;336у
538;420н
90;57у
563;305у
744;447н
895;530н
1480;1030н
935;208н
676;298у
1624;793н
1124;861у
824;205
474;198
297;112
319;161
97;43
664;295у
940;308
858;315
1074;670
997;325
879;305
609;294
112;82
780;460
2344;1220
835;435
912;215
1764;1227
605;484
2264;1252
1034;861
109;74
780;429
863;275
698;412
174;108
1104;452
598;208
854;353
734;412
684;296
687;433
493;205
234;180
778;453
538;420
90;57
563;305
744;447
895;530
1480;1030
935;208
676;298
1624;793
1124;861
824;205
474;198
297;112
319;161
97;43
664;295
940;308
858;315
1074;670
997;325
879;305
609;294
112;82
780;460
2344;1220
835;435
912;215
1764;1227
605;484
2264;1252
861;109q
412;108
